<?xml version="1.0" encoding="UTF-8"?>
<project-private xmlns="http://www.netbeans.org/ns/project-private/1">
    <editor-bookmarks xmlns="http://www.netbeans.org/ns/editor-bookmarks/2" lastBookmarkId="0"/>
    <open-files xmlns="http://www.netbeans.org/ns/projectui-open-files/2">
        <group>
            <file>file:/C:/Users/ebri_/Documents/UNED-WORK/COMPILADORES/3307-Compiladores/PAZCAL/src/pazcal/Generador.java</file>
            <file>file:/C:/Users/ebri_/Documents/UNED-WORK/COMPILADORES/3307-Compiladores/PAZCAL/src/pazcal/Valida.java</file>
            <file>file:/C:/Users/ebri_/Documents/UNED-WORK/COMPILADORES/3307-Compiladores/PAZCAL/src/pazcal/main.java</file>
            <file>file:/C:/Users/ebri_/Documents/UNED-WORK/COMPILADORES/3307-Compiladores/PAZCAL/src/pazcal/ArchivoInfo.java</file>
            <file>file:/C:/Users/ebri_/Documents/UNED-WORK/COMPILADORES/3307-Compiladores/PAZCAL/src/pazcal/CargaInformacion.java</file>
        </group>
    </open-files>
</project-private>
